iteration,bo_coverage_median,bo_coverage_q25,bo_coverage_q75,random_coverage_median,random_coverage_q25,random_coverage_q75,ef_median,ef_q25,ef_q75
1,0.0,0.0,0.0,0.0,0.0,0.0,1.0,1.0,1.0
2,0.0,0.0,0.0,0.0,0.0,0.0,1.0,1.0,1.0
3,0.0,0.0,0.0,0.0,0.0,0.0,1.0,1.0,1.0
4,0.0,0.0,0.0,0.0,0.0,0.0,1.0,1.0,1.0
5,0.03333333333333333,0.03333333333333333,0.03333333333333333,0.0,0.0,0.0,1.0,1.0,1.0
6,0.06666666666666667,0.06666666666666667,0.06666666666666667,0.0,0.0,0.0,1.0,1.0,1.0
7,0.06666666666666667,0.06666666666666667,0.06666666666666667,0.0,0.0,0.0,1.0,1.0,1.0
8,0.06666666666666667,0.06666666666666667,0.06666666666666667,0.0,0.0,0.0,1.0,1.0,1.0
9,0.06666666666666667,0.06666666666666667,0.06666666666666667,0.0,0.0,0.0,1.0,1.0,1.0
10,0.06666666666666667,0.06666666666666667,0.06666666666666667,0.0,0.0,0.0,1.0,1.0,1.0
11,0.06666666666666667,0.06666666666666667,0.06666666666666667,0.03333333333333333,0.03333333333333333,0.03333333333333333,2.0,2.0,2.0
12,0.06666666666666667,0.06666666666666667,0.06666666666666667,0.03333333333333333,0.03333333333333333,0.03333333333333333,2.0,2.0,2.0
13,0.06666666666666667,0.06666666666666667,0.06666666666666667,0.03333333333333333,0.03333333333333333,0.03333333333333333,2.0,2.0,2.0
14,0.06666666666666667,0.06666666666666667,0.06666666666666667,0.03333333333333333,0.03333333333333333,0.03333333333333333,2.0,2.0,2.0
15,0.06666666666666667,0.06666666666666667,0.06666666666666667,0.03333333333333333,0.03333333333333333,0.03333333333333333,2.0,2.0,2.0
16,0.06666666666666667,0.06666666666666667,0.06666666666666667,0.03333333333333333,0.03333333333333333,0.03333333333333333,2.0,2.0,2.0
17,0.06666666666666667,0.06666666666666667,0.06666666666666667,0.03333333333333333,0.03333333333333333,0.03333333333333333,2.0,2.0,2.0
18,0.06666666666666667,0.06666666666666667,0.06666666666666667,0.03333333333333333,0.03333333333333333,0.03333333333333333,2.0,2.0,2.0
19,0.06666666666666667,0.06666666666666667,0.06666666666666667,0.03333333333333333,0.03333333333333333,0.03333333333333333,2.0,2.0,2.0
20,0.06666666666666667,0.06666666666666667,0.06666666666666667,0.03333333333333333,0.03333333333333333,0.03333333333333333,2.0,2.0,2.0
21,0.06666666666666667,0.06666666666666667,0.06666666666666667,0.03333333333333333,0.03333333333333333,0.03333333333333333,2.0,2.0,2.0
22,0.06666666666666667,0.06666666666666667,0.06666666666666667,0.03333333333333333,0.03333333333333333,0.03333333333333333,2.0,2.0,2.0
23,0.06666666666666667,0.06666666666666667,0.06666666666666667,0.03333333333333333,0.03333333333333333,0.03333333333333333,2.0,2.0,2.0
24,0.06666666666666667,0.06666666666666667,0.06666666666666667,0.03333333333333333,0.03333333333333333,0.03333333333333333,2.0,2.0,2.0
25,0.06666666666666667,0.06666666666666667,0.06666666666666667,0.03333333333333333,0.03333333333333333,0.03333333333333333,2.0,2.0,2.0
26,0.06666666666666667,0.06666666666666667,0.06666666666666667,0.03333333333333333,0.03333333333333333,0.03333333333333333,2.0,2.0,2.0
27,0.1,0.1,0.1,0.03333333333333333,0.03333333333333333,0.03333333333333333,3.0,3.0,3.0
28,0.1,0.1,0.1,0.03333333333333333,0.03333333333333333,0.03333333333333333,3.0,3.0,3.0
29,0.13333333333333333,0.13333333333333333,0.13333333333333333,0.03333333333333333,0.03333333333333333,0.03333333333333333,4.0,4.0,4.0
30,0.13333333333333333,0.13333333333333333,0.13333333333333333,0.03333333333333333,0.03333333333333333,0.03333333333333333,4.0,4.0,4.0
31,0.13333333333333333,0.13333333333333333,0.13333333333333333,0.03333333333333333,0.03333333333333333,0.03333333333333333,4.0,4.0,4.0
32,0.13333333333333333,0.13333333333333333,0.13333333333333333,0.03333333333333333,0.03333333333333333,0.03333333333333333,4.0,4.0,4.0
33,0.13333333333333333,0.13333333333333333,0.13333333333333333,0.03333333333333333,0.03333333333333333,0.03333333333333333,4.0,4.0,4.0
34,0.13333333333333333,0.13333333333333333,0.13333333333333333,0.03333333333333333,0.03333333333333333,0.03333333333333333,4.0,4.0,4.0
35,0.13333333333333333,0.13333333333333333,0.13333333333333333,0.03333333333333333,0.03333333333333333,0.03333333333333333,4.0,4.0,4.0
36,0.13333333333333333,0.13333333333333333,0.13333333333333333,0.03333333333333333,0.03333333333333333,0.03333333333333333,4.0,4.0,4.0
37,0.13333333333333333,0.13333333333333333,0.13333333333333333,0.03333333333333333,0.03333333333333333,0.03333333333333333,4.0,4.0,4.0
38,0.13333333333333333,0.13333333333333333,0.13333333333333333,0.03333333333333333,0.03333333333333333,0.03333333333333333,4.0,4.0,4.0
39,0.13333333333333333,0.13333333333333333,0.13333333333333333,0.03333333333333333,0.03333333333333333,0.03333333333333333,4.0,4.0,4.0
40,0.13333333333333333,0.13333333333333333,0.13333333333333333,0.03333333333333333,0.03333333333333333,0.03333333333333333,4.0,4.0,4.0
41,0.13333333333333333,0.13333333333333333,0.13333333333333333,0.03333333333333333,0.03333333333333333,0.03333333333333333,4.0,4.0,4.0
42,0.13333333333333333,0.13333333333333333,0.13333333333333333,0.03333333333333333,0.03333333333333333,0.03333333333333333,4.0,4.0,4.0
43,0.13333333333333333,0.13333333333333333,0.13333333333333333,0.03333333333333333,0.03333333333333333,0.03333333333333333,4.0,4.0,4.0
44,0.13333333333333333,0.13333333333333333,0.13333333333333333,0.03333333333333333,0.03333333333333333,0.03333333333333333,4.0,4.0,4.0
45,0.13333333333333333,0.13333333333333333,0.13333333333333333,0.03333333333333333,0.03333333333333333,0.03333333333333333,4.0,4.0,4.0
46,0.13333333333333333,0.13333333333333333,0.13333333333333333,0.03333333333333333,0.03333333333333333,0.03333333333333333,4.0,4.0,4.0
47,0.13333333333333333,0.13333333333333333,0.13333333333333333,0.03333333333333333,0.03333333333333333,0.03333333333333333,4.0,4.0,4.0
48,0.13333333333333333,0.13333333333333333,0.13333333333333333,0.03333333333333333,0.03333333333333333,0.03333333333333333,4.0,4.0,4.0
49,0.16666666666666666,0.16666666666666666,0.16666666666666666,0.03333333333333333,0.03333333333333333,0.03333333333333333,5.0,5.0,5.0
50,0.2,0.2,0.2,0.03333333333333333,0.03333333333333333,0.03333333333333333,6.0,6.0,6.0
51,0.2,0.2,0.2,0.03333333333333333,0.03333333333333333,0.03333333333333333,6.0,6.0,6.0
52,0.2,0.2,0.2,0.03333333333333333,0.03333333333333333,0.03333333333333333,6.0,6.0,6.0
53,0.2,0.2,0.2,0.03333333333333333,0.03333333333333333,0.03333333333333333,6.0,6.0,6.0
54,0.2,0.2,0.2,0.03333333333333333,0.03333333333333333,0.03333333333333333,6.0,6.0,6.0
55,0.2,0.2,0.2,0.03333333333333333,0.03333333333333333,0.03333333333333333,6.0,6.0,6.0
56,0.2,0.2,0.2,0.03333333333333333,0.03333333333333333,0.03333333333333333,6.0,6.0,6.0
57,0.23333333333333334,0.23333333333333334,0.23333333333333334,0.03333333333333333,0.03333333333333333,0.03333333333333333,7.0,7.0,7.0
58,0.23333333333333334,0.23333333333333334,0.23333333333333334,0.03333333333333333,0.03333333333333333,0.03333333333333333,7.0,7.0,7.0
59,0.23333333333333334,0.23333333333333334,0.23333333333333334,0.03333333333333333,0.03333333333333333,0.03333333333333333,7.0,7.0,7.0
60,0.23333333333333334,0.23333333333333334,0.23333333333333334,0.03333333333333333,0.03333333333333333,0.03333333333333333,7.0,7.0,7.0
61,0.23333333333333334,0.23333333333333334,0.23333333333333334,0.03333333333333333,0.03333333333333333,0.03333333333333333,7.0,7.0,7.0
62,0.23333333333333334,0.23333333333333334,0.23333333333333334,0.03333333333333333,0.03333333333333333,0.03333333333333333,7.0,7.0,7.0
63,0.23333333333333334,0.23333333333333334,0.23333333333333334,0.03333333333333333,0.03333333333333333,0.03333333333333333,7.0,7.0,7.0
64,0.23333333333333334,0.23333333333333334,0.23333333333333334,0.06666666666666667,0.06666666666666667,0.06666666666666667,3.5,3.5,3.5
65,0.23333333333333334,0.23333333333333334,0.23333333333333334,0.06666666666666667,0.06666666666666667,0.06666666666666667,3.5,3.5,3.5
66,0.23333333333333334,0.23333333333333334,0.23333333333333334,0.06666666666666667,0.06666666666666667,0.06666666666666667,3.5,3.5,3.5
67,0.23333333333333334,0.23333333333333334,0.23333333333333334,0.06666666666666667,0.06666666666666667,0.06666666666666667,3.5,3.5,3.5
68,0.23333333333333334,0.23333333333333334,0.23333333333333334,0.06666666666666667,0.06666666666666667,0.06666666666666667,3.5,3.5,3.5
69,0.23333333333333334,0.23333333333333334,0.23333333333333334,0.06666666666666667,0.06666666666666667,0.06666666666666667,3.5,3.5,3.5
70,0.23333333333333334,0.23333333333333334,0.23333333333333334,0.06666666666666667,0.06666666666666667,0.06666666666666667,3.5,3.5,3.5
71,0.23333333333333334,0.23333333333333334,0.23333333333333334,0.06666666666666667,0.06666666666666667,0.06666666666666667,3.5,3.5,3.5
72,0.23333333333333334,0.23333333333333334,0.23333333333333334,0.06666666666666667,0.06666666666666667,0.06666666666666667,3.5,3.5,3.5
73,0.23333333333333334,0.23333333333333334,0.23333333333333334,0.06666666666666667,0.06666666666666667,0.06666666666666667,3.5,3.5,3.5
74,0.23333333333333334,0.23333333333333334,0.23333333333333334,0.06666666666666667,0.06666666666666667,0.06666666666666667,3.5,3.5,3.5
75,0.23333333333333334,0.23333333333333334,0.23333333333333334,0.06666666666666667,0.06666666666666667,0.06666666666666667,3.5,3.5,3.5
76,0.23333333333333334,0.23333333333333334,0.23333333333333334,0.06666666666666667,0.06666666666666667,0.06666666666666667,3.5,3.5,3.5
77,0.23333333333333334,0.23333333333333334,0.23333333333333334,0.06666666666666667,0.06666666666666667,0.06666666666666667,3.5,3.5,3.5
78,0.23333333333333334,0.23333333333333334,0.23333333333333334,0.06666666666666667,0.06666666666666667,0.06666666666666667,3.5,3.5,3.5
79,0.26666666666666666,0.26666666666666666,0.26666666666666666,0.06666666666666667,0.06666666666666667,0.06666666666666667,4.0,4.0,4.0
80,0.3,0.3,0.3,0.06666666666666667,0.06666666666666667,0.06666666666666667,4.5,4.5,4.5
81,0.3,0.3,0.3,0.06666666666666667,0.06666666666666667,0.06666666666666667,4.5,4.5,4.5
82,0.3,0.3,0.3,0.06666666666666667,0.06666666666666667,0.06666666666666667,4.5,4.5,4.5
83,0.3,0.3,0.3,0.06666666666666667,0.06666666666666667,0.06666666666666667,4.5,4.5,4.5
84,0.3,0.3,0.3,0.1,0.1,0.1,2.9999999999999996,2.9999999999999996,2.9999999999999996
85,0.3,0.3,0.3,0.1,0.1,0.1,2.9999999999999996,2.9999999999999996,2.9999999999999996
86,0.3,0.3,0.3,0.1,0.1,0.1,2.9999999999999996,2.9999999999999996,2.9999999999999996
87,0.3,0.3,0.3,0.1,0.1,0.1,2.9999999999999996,2.9999999999999996,2.9999999999999996
88,0.3,0.3,0.3,0.1,0.1,0.1,2.9999999999999996,2.9999999999999996,2.9999999999999996
89,0.3,0.3,0.3,0.1,0.1,0.1,2.9999999999999996,2.9999999999999996,2.9999999999999996
90,0.3333333333333333,0.3333333333333333,0.3333333333333333,0.1,0.1,0.1,3.333333333333333,3.333333333333333,3.333333333333333
91,0.3333333333333333,0.3333333333333333,0.3333333333333333,0.1,0.1,0.1,3.333333333333333,3.333333333333333,3.333333333333333
92,0.36666666666666664,0.36666666666666664,0.36666666666666664,0.1,0.1,0.1,3.666666666666666,3.666666666666666,3.666666666666666
93,0.36666666666666664,0.36666666666666664,0.36666666666666664,0.1,0.1,0.1,3.666666666666666,3.666666666666666,3.666666666666666
94,0.36666666666666664,0.36666666666666664,0.36666666666666664,0.13333333333333333,0.13333333333333333,0.13333333333333333,2.75,2.75,2.75
95,0.36666666666666664,0.36666666666666664,0.36666666666666664,0.13333333333333333,0.13333333333333333,0.13333333333333333,2.75,2.75,2.75
96,0.36666666666666664,0.36666666666666664,0.36666666666666664,0.13333333333333333,0.13333333333333333,0.13333333333333333,2.75,2.75,2.75
97,0.36666666666666664,0.36666666666666664,0.36666666666666664,0.13333333333333333,0.13333333333333333,0.13333333333333333,2.75,2.75,2.75
98,0.36666666666666664,0.36666666666666664,0.36666666666666664,0.13333333333333333,0.13333333333333333,0.13333333333333333,2.75,2.75,2.75
99,0.36666666666666664,0.36666666666666664,0.36666666666666664,0.13333333333333333,0.13333333333333333,0.13333333333333333,2.75,2.75,2.75
100,0.36666666666666664,0.36666666666666664,0.36666666666666664,0.13333333333333333,0.13333333333333333,0.13333333333333333,2.75,2.75,2.75
101,0.4,0.4,0.4,0.13333333333333333,0.13333333333333333,0.13333333333333333,3.0,3.0,3.0
102,0.4,0.4,0.4,0.13333333333333333,0.13333333333333333,0.13333333333333333,3.0,3.0,3.0
103,0.4,0.4,0.4,0.13333333333333333,0.13333333333333333,0.13333333333333333,3.0,3.0,3.0
104,0.4,0.4,0.4,0.13333333333333333,0.13333333333333333,0.13333333333333333,3.0,3.0,3.0
105,0.43333333333333335,0.43333333333333335,0.43333333333333335,0.13333333333333333,0.13333333333333333,0.13333333333333333,3.25,3.25,3.25
106,0.43333333333333335,0.43333333333333335,0.43333333333333335,0.13333333333333333,0.13333333333333333,0.13333333333333333,3.25,3.25,3.25
107,0.4666666666666667,0.4666666666666667,0.4666666666666667,0.13333333333333333,0.13333333333333333,0.13333333333333333,3.5,3.5,3.5
108,0.4666666666666667,0.4666666666666667,0.4666666666666667,0.13333333333333333,0.13333333333333333,0.13333333333333333,3.5,3.5,3.5
109,0.5,0.5,0.5,0.13333333333333333,0.13333333333333333,0.13333333333333333,3.75,3.75,3.75
110,0.5,0.5,0.5,0.13333333333333333,0.13333333333333333,0.13333333333333333,3.75,3.75,3.75
111,0.5333333333333333,0.5333333333333333,0.5333333333333333,0.13333333333333333,0.13333333333333333,0.13333333333333333,4.0,4.0,4.0
112,0.5666666666666667,0.5666666666666667,0.5666666666666667,0.13333333333333333,0.13333333333333333,0.13333333333333333,4.25,4.25,4.25
113,0.6,0.6,0.6,0.13333333333333333,0.13333333333333333,0.13333333333333333,4.5,4.5,4.5
114,0.6,0.6,0.6,0.13333333333333333,0.13333333333333333,0.13333333333333333,4.5,4.5,4.5
115,0.6333333333333333,0.6333333333333333,0.6333333333333333,0.13333333333333333,0.13333333333333333,0.13333333333333333,4.75,4.75,4.75
116,0.6333333333333333,0.6333333333333333,0.6333333333333333,0.13333333333333333,0.13333333333333333,0.13333333333333333,4.75,4.75,4.75
117,0.6333333333333333,0.6333333333333333,0.6333333333333333,0.13333333333333333,0.13333333333333333,0.13333333333333333,4.75,4.75,4.75
118,0.6333333333333333,0.6333333333333333,0.6333333333333333,0.13333333333333333,0.13333333333333333,0.13333333333333333,4.75,4.75,4.75
119,0.6333333333333333,0.6333333333333333,0.6333333333333333,0.13333333333333333,0.13333333333333333,0.13333333333333333,4.75,4.75,4.75
120,0.6333333333333333,0.6333333333333333,0.6333333333333333,0.13333333333333333,0.13333333333333333,0.13333333333333333,4.75,4.75,4.75
121,0.6333333333333333,0.6333333333333333,0.6333333333333333,0.13333333333333333,0.13333333333333333,0.13333333333333333,4.75,4.75,4.75
122,0.6666666666666666,0.6666666666666666,0.6666666666666666,0.13333333333333333,0.13333333333333333,0.13333333333333333,5.0,5.0,5.0
123,0.6666666666666666,0.6666666666666666,0.6666666666666666,0.13333333333333333,0.13333333333333333,0.13333333333333333,5.0,5.0,5.0
124,0.6666666666666666,0.6666666666666666,0.6666666666666666,0.13333333333333333,0.13333333333333333,0.13333333333333333,5.0,5.0,5.0
125,0.6666666666666666,0.6666666666666666,0.6666666666666666,0.13333333333333333,0.13333333333333333,0.13333333333333333,5.0,5.0,5.0
126,0.7,0.7,0.7,0.13333333333333333,0.13333333333333333,0.13333333333333333,5.25,5.25,5.25
127,0.7,0.7,0.7,0.13333333333333333,0.13333333333333333,0.13333333333333333,5.25,5.25,5.25
128,0.7,0.7,0.7,0.13333333333333333,0.13333333333333333,0.13333333333333333,5.25,5.25,5.25
129,0.7,0.7,0.7,0.13333333333333333,0.13333333333333333,0.13333333333333333,5.25,5.25,5.25
130,0.7333333333333333,0.7333333333333333,0.7333333333333333,0.13333333333333333,0.13333333333333333,0.13333333333333333,5.5,5.5,5.5
131,0.7333333333333333,0.7333333333333333,0.7333333333333333,0.13333333333333333,0.13333333333333333,0.13333333333333333,5.5,5.5,5.5
132,0.7333333333333333,0.7333333333333333,0.7333333333333333,0.13333333333333333,0.13333333333333333,0.13333333333333333,5.5,5.5,5.5
133,0.7333333333333333,0.7333333333333333,0.7333333333333333,0.13333333333333333,0.13333333333333333,0.13333333333333333,5.5,5.5,5.5
134,0.7333333333333333,0.7333333333333333,0.7333333333333333,0.13333333333333333,0.13333333333333333,0.13333333333333333,5.5,5.5,5.5
135,0.7333333333333333,0.7333333333333333,0.7333333333333333,0.13333333333333333,0.13333333333333333,0.13333333333333333,5.5,5.5,5.5
136,0.7666666666666667,0.7666666666666667,0.7666666666666667,0.13333333333333333,0.13333333333333333,0.13333333333333333,5.750000000000001,5.750000000000001,5.750000000000001
137,0.8,0.8,0.8,0.13333333333333333,0.13333333333333333,0.13333333333333333,6.0,6.0,6.0
138,0.8,0.8,0.8,0.13333333333333333,0.13333333333333333,0.13333333333333333,6.0,6.0,6.0
139,0.8,0.8,0.8,0.13333333333333333,0.13333333333333333,0.13333333333333333,6.0,6.0,6.0
140,0.8,0.8,0.8,0.13333333333333333,0.13333333333333333,0.13333333333333333,6.0,6.0,6.0
141,0.8,0.8,0.8,0.13333333333333333,0.13333333333333333,0.13333333333333333,6.0,6.0,6.0
142,0.8,0.8,0.8,0.13333333333333333,0.13333333333333333,0.13333333333333333,6.0,6.0,6.0
143,0.8,0.8,0.8,0.13333333333333333,0.13333333333333333,0.13333333333333333,6.0,6.0,6.0
144,0.8,0.8,0.8,0.13333333333333333,0.13333333333333333,0.13333333333333333,6.0,6.0,6.0
145,0.8,0.8,0.8,0.13333333333333333,0.13333333333333333,0.13333333333333333,6.0,6.0,6.0
146,0.8,0.8,0.8,0.13333333333333333,0.13333333333333333,0.13333333333333333,6.0,6.0,6.0
147,0.8,0.8,0.8,0.13333333333333333,0.13333333333333333,0.13333333333333333,6.0,6.0,6.0
148,0.8,0.8,0.8,0.13333333333333333,0.13333333333333333,0.13333333333333333,6.0,6.0,6.0
149,0.8,0.8,0.8,0.13333333333333333,0.13333333333333333,0.13333333333333333,6.0,6.0,6.0
150,0.8,0.8,0.8,0.13333333333333333,0.13333333333333333,0.13333333333333333,6.0,6.0,6.0
151,0.8,0.8,0.8,0.16666666666666666,0.16666666666666666,0.16666666666666666,4.800000000000001,4.800000000000001,4.800000000000001
152,0.8,0.8,0.8,0.16666666666666666,0.16666666666666666,0.16666666666666666,4.800000000000001,4.800000000000001,4.800000000000001
153,0.8,0.8,0.8,0.16666666666666666,0.16666666666666666,0.16666666666666666,4.800000000000001,4.800000000000001,4.800000000000001
154,0.8,0.8,0.8,0.16666666666666666,0.16666666666666666,0.16666666666666666,4.800000000000001,4.800000000000001,4.800000000000001
155,0.8,0.8,0.8,0.16666666666666666,0.16666666666666666,0.16666666666666666,4.800000000000001,4.800000000000001,4.800000000000001
156,0.8,0.8,0.8,0.2,0.2,0.2,4.0,4.0,4.0
157,0.8,0.8,0.8,0.2,0.2,0.2,4.0,4.0,4.0
158,0.8,0.8,0.8,0.23333333333333334,0.23333333333333334,0.23333333333333334,3.428571428571429,3.428571428571429,3.428571428571429
159,0.8,0.8,0.8,0.23333333333333334,0.23333333333333334,0.23333333333333334,3.428571428571429,3.428571428571429,3.428571428571429
160,0.8,0.8,0.8,0.23333333333333334,0.23333333333333334,0.23333333333333334,3.428571428571429,3.428571428571429,3.428571428571429
161,0.8,0.8,0.8,0.23333333333333334,0.23333333333333334,0.23333333333333334,3.428571428571429,3.428571428571429,3.428571428571429
162,0.8,0.8,0.8,0.23333333333333334,0.23333333333333334,0.23333333333333334,3.428571428571429,3.428571428571429,3.428571428571429
163,0.8,0.8,0.8,0.23333333333333334,0.23333333333333334,0.23333333333333334,3.428571428571429,3.428571428571429,3.428571428571429
164,0.8,0.8,0.8,0.23333333333333334,0.23333333333333334,0.23333333333333334,3.428571428571429,3.428571428571429,3.428571428571429
165,0.8,0.8,0.8,0.23333333333333334,0.23333333333333334,0.23333333333333334,3.428571428571429,3.428571428571429,3.428571428571429
166,0.8,0.8,0.8,0.23333333333333334,0.23333333333333334,0.23333333333333334,3.428571428571429,3.428571428571429,3.428571428571429
167,0.8,0.8,0.8,0.23333333333333334,0.23333333333333334,0.23333333333333334,3.428571428571429,3.428571428571429,3.428571428571429
168,0.8,0.8,0.8,0.23333333333333334,0.23333333333333334,0.23333333333333334,3.428571428571429,3.428571428571429,3.428571428571429
169,0.8,0.8,0.8,0.23333333333333334,0.23333333333333334,0.23333333333333334,3.428571428571429,3.428571428571429,3.428571428571429
170,0.8,0.8,0.8,0.23333333333333334,0.23333333333333334,0.23333333333333334,3.428571428571429,3.428571428571429,3.428571428571429
171,0.8,0.8,0.8,0.23333333333333334,0.23333333333333334,0.23333333333333334,3.428571428571429,3.428571428571429,3.428571428571429
172,0.8,0.8,0.8,0.23333333333333334,0.23333333333333334,0.23333333333333334,3.428571428571429,3.428571428571429,3.428571428571429
173,0.8,0.8,0.8,0.26666666666666666,0.26666666666666666,0.26666666666666666,3.0,3.0,3.0
174,0.8,0.8,0.8,0.26666666666666666,0.26666666666666666,0.26666666666666666,3.0,3.0,3.0
175,0.8,0.8,0.8,0.26666666666666666,0.26666666666666666,0.26666666666666666,3.0,3.0,3.0
176,0.8,0.8,0.8,0.26666666666666666,0.26666666666666666,0.26666666666666666,3.0,3.0,3.0
177,0.8,0.8,0.8,0.26666666666666666,0.26666666666666666,0.26666666666666666,3.0,3.0,3.0
178,0.8,0.8,0.8,0.26666666666666666,0.26666666666666666,0.26666666666666666,3.0,3.0,3.0
179,0.8,0.8,0.8,0.26666666666666666,0.26666666666666666,0.26666666666666666,3.0,3.0,3.0
180,0.8,0.8,0.8,0.26666666666666666,0.26666666666666666,0.26666666666666666,3.0,3.0,3.0
181,0.8,0.8,0.8,0.26666666666666666,0.26666666666666666,0.26666666666666666,3.0,3.0,3.0
182,0.8,0.8,0.8,0.26666666666666666,0.26666666666666666,0.26666666666666666,3.0,3.0,3.0
183,0.8,0.8,0.8,0.3,0.3,0.3,2.666666666666667,2.666666666666667,2.666666666666667
184,0.8,0.8,0.8,0.3,0.3,0.3,2.666666666666667,2.666666666666667,2.666666666666667
185,0.8,0.8,0.8,0.3,0.3,0.3,2.666666666666667,2.666666666666667,2.666666666666667
186,0.8,0.8,0.8,0.3,0.3,0.3,2.666666666666667,2.666666666666667,2.666666666666667
187,0.8,0.8,0.8,0.3,0.3,0.3,2.666666666666667,2.666666666666667,2.666666666666667
188,0.8,0.8,0.8,0.3,0.3,0.3,2.666666666666667,2.666666666666667,2.666666666666667
189,0.8,0.8,0.8,0.3333333333333333,0.3333333333333333,0.3333333333333333,2.4000000000000004,2.4000000000000004,2.4000000000000004
190,0.8,0.8,0.8,0.3333333333333333,0.3333333333333333,0.3333333333333333,2.4000000000000004,2.4000000000000004,2.4000000000000004
191,0.8,0.8,0.8,0.3333333333333333,0.3333333333333333,0.3333333333333333,2.4000000000000004,2.4000000000000004,2.4000000000000004
192,0.8,0.8,0.8,0.3333333333333333,0.3333333333333333,0.3333333333333333,2.4000000000000004,2.4000000000000004,2.4000000000000004
193,0.8,0.8,0.8,0.3333333333333333,0.3333333333333333,0.3333333333333333,2.4000000000000004,2.4000000000000004,2.4000000000000004
194,0.8,0.8,0.8,0.36666666666666664,0.36666666666666664,0.36666666666666664,2.181818181818182,2.181818181818182,2.181818181818182
195,0.8,0.8,0.8,0.4,0.4,0.4,2.0,2.0,2.0
196,0.8,0.8,0.8,0.4,0.4,0.4,2.0,2.0,2.0
197,0.8333333333333334,0.8333333333333334,0.8333333333333334,0.4,0.4,0.4,2.0833333333333335,2.0833333333333335,2.0833333333333335
198,0.8666666666666667,0.8666666666666667,0.8666666666666667,0.43333333333333335,0.43333333333333335,0.43333333333333335,2.0,2.0,2.0
199,0.8666666666666667,0.8666666666666667,0.8666666666666667,0.43333333333333335,0.43333333333333335,0.43333333333333335,2.0,2.0,2.0
200,0.8666666666666667,0.8666666666666667,0.8666666666666667,0.43333333333333335,0.43333333333333335,0.43333333333333335,2.0,2.0,2.0
201,0.9,0.9,0.9,0.43333333333333335,0.43333333333333335,0.43333333333333335,2.076923076923077,2.076923076923077,2.076923076923077
202,0.9,0.9,0.9,0.43333333333333335,0.43333333333333335,0.43333333333333335,2.076923076923077,2.076923076923077,2.076923076923077
203,0.9,0.9,0.9,0.43333333333333335,0.43333333333333335,0.43333333333333335,2.076923076923077,2.076923076923077,2.076923076923077
204,0.9,0.9,0.9,0.43333333333333335,0.43333333333333335,0.43333333333333335,2.076923076923077,2.076923076923077,2.076923076923077
205,0.9,0.9,0.9,0.43333333333333335,0.43333333333333335,0.43333333333333335,2.076923076923077,2.076923076923077,2.076923076923077
206,0.9,0.9,0.9,0.43333333333333335,0.43333333333333335,0.43333333333333335,2.076923076923077,2.076923076923077,2.076923076923077
207,0.9333333333333333,0.9333333333333333,0.9333333333333333,0.43333333333333335,0.43333333333333335,0.43333333333333335,2.1538461538461537,2.1538461538461537,2.1538461538461537
208,0.9333333333333333,0.9333333333333333,0.9333333333333333,0.43333333333333335,0.43333333333333335,0.43333333333333335,2.1538461538461537,2.1538461538461537,2.1538461538461537
209,0.9333333333333333,0.9333333333333333,0.9333333333333333,0.43333333333333335,0.43333333333333335,0.43333333333333335,2.1538461538461537,2.1538461538461537,2.1538461538461537
210,0.9333333333333333,0.9333333333333333,0.9333333333333333,0.43333333333333335,0.43333333333333335,0.43333333333333335,2.1538461538461537,2.1538461538461537,2.1538461538461537
211,0.9333333333333333,0.9333333333333333,0.9333333333333333,0.43333333333333335,0.43333333333333335,0.43333333333333335,2.1538461538461537,2.1538461538461537,2.1538461538461537
212,0.9333333333333333,0.9333333333333333,0.9333333333333333,0.43333333333333335,0.43333333333333335,0.43333333333333335,2.1538461538461537,2.1538461538461537,2.1538461538461537
213,0.9333333333333333,0.9333333333333333,0.9333333333333333,0.43333333333333335,0.43333333333333335,0.43333333333333335,2.1538461538461537,2.1538461538461537,2.1538461538461537
214,0.9333333333333333,0.9333333333333333,0.9333333333333333,0.43333333333333335,0.43333333333333335,0.43333333333333335,2.1538461538461537,2.1538461538461537,2.1538461538461537
215,0.9333333333333333,0.9333333333333333,0.9333333333333333,0.43333333333333335,0.43333333333333335,0.43333333333333335,2.1538461538461537,2.1538461538461537,2.1538461538461537
216,0.9333333333333333,0.9333333333333333,0.9333333333333333,0.4666666666666667,0.4666666666666667,0.4666666666666667,2.0,2.0,2.0
217,0.9333333333333333,0.9333333333333333,0.9333333333333333,0.4666666666666667,0.4666666666666667,0.4666666666666667,2.0,2.0,2.0
218,0.9333333333333333,0.9333333333333333,0.9333333333333333,0.4666666666666667,0.4666666666666667,0.4666666666666667,2.0,2.0,2.0
219,0.9333333333333333,0.9333333333333333,0.9333333333333333,0.5,0.5,0.5,1.8666666666666667,1.8666666666666667,1.8666666666666667
220,0.9333333333333333,0.9333333333333333,0.9333333333333333,0.5,0.5,0.5,1.8666666666666667,1.8666666666666667,1.8666666666666667
221,0.9333333333333333,0.9333333333333333,0.9333333333333333,0.5,0.5,0.5,1.8666666666666667,1.8666666666666667,1.8666666666666667
222,0.9333333333333333,0.9333333333333333,0.9333333333333333,0.5,0.5,0.5,1.8666666666666667,1.8666666666666667,1.8666666666666667
223,0.9333333333333333,0.9333333333333333,0.9333333333333333,0.5,0.5,0.5,1.8666666666666667,1.8666666666666667,1.8666666666666667
224,0.9333333333333333,0.9333333333333333,0.9333333333333333,0.5,0.5,0.5,1.8666666666666667,1.8666666666666667,1.8666666666666667
225,0.9333333333333333,0.9333333333333333,0.9333333333333333,0.5,0.5,0.5,1.8666666666666667,1.8666666666666667,1.8666666666666667
226,0.9333333333333333,0.9333333333333333,0.9333333333333333,0.5,0.5,0.5,1.8666666666666667,1.8666666666666667,1.8666666666666667
227,0.9333333333333333,0.9333333333333333,0.9333333333333333,0.5,0.5,0.5,1.8666666666666667,1.8666666666666667,1.8666666666666667
228,0.9333333333333333,0.9333333333333333,0.9333333333333333,0.5,0.5,0.5,1.8666666666666667,1.8666666666666667,1.8666666666666667
229,0.9333333333333333,0.9333333333333333,0.9333333333333333,0.5,0.5,0.5,1.8666666666666667,1.8666666666666667,1.8666666666666667
230,0.9333333333333333,0.9333333333333333,0.9333333333333333,0.5,0.5,0.5,1.8666666666666667,1.8666666666666667,1.8666666666666667
231,0.9333333333333333,0.9333333333333333,0.9333333333333333,0.5,0.5,0.5,1.8666666666666667,1.8666666666666667,1.8666666666666667
232,0.9333333333333333,0.9333333333333333,0.9333333333333333,0.5,0.5,0.5,1.8666666666666667,1.8666666666666667,1.8666666666666667
233,0.9333333333333333,0.9333333333333333,0.9333333333333333,0.5,0.5,0.5,1.8666666666666667,1.8666666666666667,1.8666666666666667
234,0.9333333333333333,0.9333333333333333,0.9333333333333333,0.5,0.5,0.5,1.8666666666666667,1.8666666666666667,1.8666666666666667
235,0.9333333333333333,0.9333333333333333,0.9333333333333333,0.5,0.5,0.5,1.8666666666666667,1.8666666666666667,1.8666666666666667
236,0.9333333333333333,0.9333333333333333,0.9333333333333333,0.5,0.5,0.5,1.8666666666666667,1.8666666666666667,1.8666666666666667
237,0.9333333333333333,0.9333333333333333,0.9333333333333333,0.5,0.5,0.5,1.8666666666666667,1.8666666666666667,1.8666666666666667
238,0.9333333333333333,0.9333333333333333,0.9333333333333333,0.5,0.5,0.5,1.8666666666666667,1.8666666666666667,1.8666666666666667
239,0.9333333333333333,0.9333333333333333,0.9333333333333333,0.5,0.5,0.5,1.8666666666666667,1.8666666666666667,1.8666666666666667
240,0.9333333333333333,0.9333333333333333,0.9333333333333333,0.5,0.5,0.5,1.8666666666666667,1.8666666666666667,1.8666666666666667
241,0.9333333333333333,0.9333333333333333,0.9333333333333333,0.5,0.5,0.5,1.8666666666666667,1.8666666666666667,1.8666666666666667
242,0.9333333333333333,0.9333333333333333,0.9333333333333333,0.5,0.5,0.5,1.8666666666666667,1.8666666666666667,1.8666666666666667
243,0.9333333333333333,0.9333333333333333,0.9333333333333333,0.5,0.5,0.5,1.8666666666666667,1.8666666666666667,1.8666666666666667
244,0.9333333333333333,0.9333333333333333,0.9333333333333333,0.5,0.5,0.5,1.8666666666666667,1.8666666666666667,1.8666666666666667
245,0.9333333333333333,0.9333333333333333,0.9333333333333333,0.5,0.5,0.5,1.8666666666666667,1.8666666666666667,1.8666666666666667
246,0.9333333333333333,0.9333333333333333,0.9333333333333333,0.5,0.5,0.5,1.8666666666666667,1.8666666666666667,1.8666666666666667
247,0.9333333333333333,0.9333333333333333,0.9333333333333333,0.5,0.5,0.5,1.8666666666666667,1.8666666666666667,1.8666666666666667
248,0.9333333333333333,0.9333333333333333,0.9333333333333333,0.5333333333333333,0.5333333333333333,0.5333333333333333,1.75,1.75,1.75
249,0.9333333333333333,0.9333333333333333,0.9333333333333333,0.5333333333333333,0.5333333333333333,0.5333333333333333,1.75,1.75,1.75
250,0.9333333333333333,0.9333333333333333,0.9333333333333333,0.5333333333333333,0.5333333333333333,0.5333333333333333,1.75,1.75,1.75
251,0.9333333333333333,0.9333333333333333,0.9333333333333333,0.5333333333333333,0.5333333333333333,0.5333333333333333,1.75,1.75,1.75
252,0.9333333333333333,0.9333333333333333,0.9333333333333333,0.5333333333333333,0.5333333333333333,0.5333333333333333,1.75,1.75,1.75
253,0.9333333333333333,0.9333333333333333,0.9333333333333333,0.5333333333333333,0.5333333333333333,0.5333333333333333,1.75,1.75,1.75
254,0.9333333333333333,0.9333333333333333,0.9333333333333333,0.5333333333333333,0.5333333333333333,0.5333333333333333,1.75,1.75,1.75
255,0.9333333333333333,0.9333333333333333,0.9333333333333333,0.5333333333333333,0.5333333333333333,0.5333333333333333,1.75,1.75,1.75
256,0.9333333333333333,0.9333333333333333,0.9333333333333333,0.5333333333333333,0.5333333333333333,0.5333333333333333,1.75,1.75,1.75
257,0.9333333333333333,0.9333333333333333,0.9333333333333333,0.5333333333333333,0.5333333333333333,0.5333333333333333,1.75,1.75,1.75
258,0.9333333333333333,0.9333333333333333,0.9333333333333333,0.5333333333333333,0.5333333333333333,0.5333333333333333,1.75,1.75,1.75
259,0.9333333333333333,0.9333333333333333,0.9333333333333333,0.5333333333333333,0.5333333333333333,0.5333333333333333,1.75,1.75,1.75
260,0.9666666666666667,0.9666666666666667,0.9666666666666667,0.5333333333333333,0.5333333333333333,0.5333333333333333,1.8125,1.8125,1.8125
261,0.9666666666666667,0.9666666666666667,0.9666666666666667,0.5333333333333333,0.5333333333333333,0.5333333333333333,1.8125,1.8125,1.8125
262,0.9666666666666667,0.9666666666666667,0.9666666666666667,0.5333333333333333,0.5333333333333333,0.5333333333333333,1.8125,1.8125,1.8125
263,0.9666666666666667,0.9666666666666667,0.9666666666666667,0.5333333333333333,0.5333333333333333,0.5333333333333333,1.8125,1.8125,1.8125
264,0.9666666666666667,0.9666666666666667,0.9666666666666667,0.5333333333333333,0.5333333333333333,0.5333333333333333,1.8125,1.8125,1.8125
265,0.9666666666666667,0.9666666666666667,0.9666666666666667,0.5333333333333333,0.5333333333333333,0.5333333333333333,1.8125,1.8125,1.8125
266,0.9666666666666667,0.9666666666666667,0.9666666666666667,0.5333333333333333,0.5333333333333333,0.5333333333333333,1.8125,1.8125,1.8125
267,0.9666666666666667,0.9666666666666667,0.9666666666666667,0.5333333333333333,0.5333333333333333,0.5333333333333333,1.8125,1.8125,1.8125
268,0.9666666666666667,0.9666666666666667,0.9666666666666667,0.5333333333333333,0.5333333333333333,0.5333333333333333,1.8125,1.8125,1.8125
269,0.9666666666666667,0.9666666666666667,0.9666666666666667,0.5333333333333333,0.5333333333333333,0.5333333333333333,1.8125,1.8125,1.8125
270,0.9666666666666667,0.9666666666666667,0.9666666666666667,0.5333333333333333,0.5333333333333333,0.5333333333333333,1.8125,1.8125,1.8125
271,0.9666666666666667,0.9666666666666667,0.9666666666666667,0.5333333333333333,0.5333333333333333,0.5333333333333333,1.8125,1.8125,1.8125
272,0.9666666666666667,0.9666666666666667,0.9666666666666667,0.5333333333333333,0.5333333333333333,0.5333333333333333,1.8125,1.8125,1.8125
273,0.9666666666666667,0.9666666666666667,0.9666666666666667,0.5333333333333333,0.5333333333333333,0.5333333333333333,1.8125,1.8125,1.8125
274,0.9666666666666667,0.9666666666666667,0.9666666666666667,0.5333333333333333,0.5333333333333333,0.5333333333333333,1.8125,1.8125,1.8125
275,0.9666666666666667,0.9666666666666667,0.9666666666666667,0.5333333333333333,0.5333333333333333,0.5333333333333333,1.8125,1.8125,1.8125
276,0.9666666666666667,0.9666666666666667,0.9666666666666667,0.5333333333333333,0.5333333333333333,0.5333333333333333,1.8125,1.8125,1.8125
277,0.9666666666666667,0.9666666666666667,0.9666666666666667,0.5333333333333333,0.5333333333333333,0.5333333333333333,1.8125,1.8125,1.8125
278,0.9666666666666667,0.9666666666666667,0.9666666666666667,0.5333333333333333,0.5333333333333333,0.5333333333333333,1.8125,1.8125,1.8125
279,0.9666666666666667,0.9666666666666667,0.9666666666666667,0.5666666666666667,0.5666666666666667,0.5666666666666667,1.7058823529411766,1.7058823529411766,1.7058823529411766
280,0.9666666666666667,0.9666666666666667,0.9666666666666667,0.5666666666666667,0.5666666666666667,0.5666666666666667,1.7058823529411766,1.7058823529411766,1.7058823529411766
281,0.9666666666666667,0.9666666666666667,0.9666666666666667,0.5666666666666667,0.5666666666666667,0.5666666666666667,1.7058823529411766,1.7058823529411766,1.7058823529411766
282,0.9666666666666667,0.9666666666666667,0.9666666666666667,0.5666666666666667,0.5666666666666667,0.5666666666666667,1.7058823529411766,1.7058823529411766,1.7058823529411766
283,0.9666666666666667,0.9666666666666667,0.9666666666666667,0.5666666666666667,0.5666666666666667,0.5666666666666667,1.7058823529411766,1.7058823529411766,1.7058823529411766
284,0.9666666666666667,0.9666666666666667,0.9666666666666667,0.5666666666666667,0.5666666666666667,0.5666666666666667,1.7058823529411766,1.7058823529411766,1.7058823529411766
285,0.9666666666666667,0.9666666666666667,0.9666666666666667,0.5666666666666667,0.5666666666666667,0.5666666666666667,1.7058823529411766,1.7058823529411766,1.7058823529411766
286,0.9666666666666667,0.9666666666666667,0.9666666666666667,0.5666666666666667,0.5666666666666667,0.5666666666666667,1.7058823529411766,1.7058823529411766,1.7058823529411766
287,0.9666666666666667,0.9666666666666667,0.9666666666666667,0.5666666666666667,0.5666666666666667,0.5666666666666667,1.7058823529411766,1.7058823529411766,1.7058823529411766
288,0.9666666666666667,0.9666666666666667,0.9666666666666667,0.5666666666666667,0.5666666666666667,0.5666666666666667,1.7058823529411766,1.7058823529411766,1.7058823529411766
289,0.9666666666666667,0.9666666666666667,0.9666666666666667,0.5666666666666667,0.5666666666666667,0.5666666666666667,1.7058823529411766,1.7058823529411766,1.7058823529411766
290,0.9666666666666667,0.9666666666666667,0.9666666666666667,0.5666666666666667,0.5666666666666667,0.5666666666666667,1.7058823529411766,1.7058823529411766,1.7058823529411766
291,0.9666666666666667,0.9666666666666667,0.9666666666666667,0.5666666666666667,0.5666666666666667,0.5666666666666667,1.7058823529411766,1.7058823529411766,1.7058823529411766
292,0.9666666666666667,0.9666666666666667,0.9666666666666667,0.5666666666666667,0.5666666666666667,0.5666666666666667,1.7058823529411766,1.7058823529411766,1.7058823529411766
293,0.9666666666666667,0.9666666666666667,0.9666666666666667,0.6,0.6,0.6,1.6111111111111112,1.6111111111111112,1.6111111111111112
294,0.9666666666666667,0.9666666666666667,0.9666666666666667,0.6,0.6,0.6,1.6111111111111112,1.6111111111111112,1.6111111111111112
295,0.9666666666666667,0.9666666666666667,0.9666666666666667,0.6,0.6,0.6,1.6111111111111112,1.6111111111111112,1.6111111111111112
296,0.9666666666666667,0.9666666666666667,0.9666666666666667,0.6,0.6,0.6,1.6111111111111112,1.6111111111111112,1.6111111111111112
297,0.9666666666666667,0.9666666666666667,0.9666666666666667,0.6,0.6,0.6,1.6111111111111112,1.6111111111111112,1.6111111111111112
298,0.9666666666666667,0.9666666666666667,0.9666666666666667,0.6,0.6,0.6,1.6111111111111112,1.6111111111111112,1.6111111111111112
299,0.9666666666666667,0.9666666666666667,0.9666666666666667,0.6,0.6,0.6,1.6111111111111112,1.6111111111111112,1.6111111111111112
300,0.9666666666666667,0.9666666666666667,0.9666666666666667,0.6,0.6,0.6,1.6111111111111112,1.6111111111111112,1.6111111111111112
301,0.9666666666666667,0.9666666666666667,0.9666666666666667,0.6,0.6,0.6,1.6111111111111112,1.6111111111111112,1.6111111111111112
302,0.9666666666666667,0.9666666666666667,0.9666666666666667,0.6,0.6,0.6,1.6111111111111112,1.6111111111111112,1.6111111111111112
303,0.9666666666666667,0.9666666666666667,0.9666666666666667,0.6,0.6,0.6,1.6111111111111112,1.6111111111111112,1.6111111111111112
304,0.9666666666666667,0.9666666666666667,0.9666666666666667,0.6,0.6,0.6,1.6111111111111112,1.6111111111111112,1.6111111111111112
305,0.9666666666666667,0.9666666666666667,0.9666666666666667,0.6,0.6,0.6,1.6111111111111112,1.6111111111111112,1.6111111111111112
306,0.9666666666666667,0.9666666666666667,0.9666666666666667,0.6,0.6,0.6,1.6111111111111112,1.6111111111111112,1.6111111111111112
307,0.9666666666666667,0.9666666666666667,0.9666666666666667,0.6,0.6,0.6,1.6111111111111112,1.6111111111111112,1.6111111111111112
308,0.9666666666666667,0.9666666666666667,0.9666666666666667,0.6,0.6,0.6,1.6111111111111112,1.6111111111111112,1.6111111111111112
309,0.9666666666666667,0.9666666666666667,0.9666666666666667,0.6,0.6,0.6,1.6111111111111112,1.6111111111111112,1.6111111111111112
310,0.9666666666666667,0.9666666666666667,0.9666666666666667,0.6,0.6,0.6,1.6111111111111112,1.6111111111111112,1.6111111111111112
311,0.9666666666666667,0.9666666666666667,0.9666666666666667,0.6,0.6,0.6,1.6111111111111112,1.6111111111111112,1.6111111111111112
312,0.9666666666666667,0.9666666666666667,0.9666666666666667,0.6,0.6,0.6,1.6111111111111112,1.6111111111111112,1.6111111111111112
313,0.9666666666666667,0.9666666666666667,0.9666666666666667,0.6,0.6,0.6,1.6111111111111112,1.6111111111111112,1.6111111111111112
314,0.9666666666666667,0.9666666666666667,0.9666666666666667,0.6,0.6,0.6,1.6111111111111112,1.6111111111111112,1.6111111111111112
315,0.9666666666666667,0.9666666666666667,0.9666666666666667,0.6333333333333333,0.6333333333333333,0.6333333333333333,1.5263157894736843,1.5263157894736843,1.5263157894736843
316,0.9666666666666667,0.9666666666666667,0.9666666666666667,0.6333333333333333,0.6333333333333333,0.6333333333333333,1.5263157894736843,1.5263157894736843,1.5263157894736843
317,0.9666666666666667,0.9666666666666667,0.9666666666666667,0.6333333333333333,0.6333333333333333,0.6333333333333333,1.5263157894736843,1.5263157894736843,1.5263157894736843
318,0.9666666666666667,0.9666666666666667,0.9666666666666667,0.6333333333333333,0.6333333333333333,0.6333333333333333,1.5263157894736843,1.5263157894736843,1.5263157894736843
319,0.9666666666666667,0.9666666666666667,0.9666666666666667,0.6333333333333333,0.6333333333333333,0.6333333333333333,1.5263157894736843,1.5263157894736843,1.5263157894736843
320,0.9666666666666667,0.9666666666666667,0.9666666666666667,0.6333333333333333,0.6333333333333333,0.6333333333333333,1.5263157894736843,1.5263157894736843,1.5263157894736843
321,0.9666666666666667,0.9666666666666667,0.9666666666666667,0.6333333333333333,0.6333333333333333,0.6333333333333333,1.5263157894736843,1.5263157894736843,1.5263157894736843
322,0.9666666666666667,0.9666666666666667,0.9666666666666667,0.6333333333333333,0.6333333333333333,0.6333333333333333,1.5263157894736843,1.5263157894736843,1.5263157894736843
323,0.9666666666666667,0.9666666666666667,0.9666666666666667,0.6333333333333333,0.6333333333333333,0.6333333333333333,1.5263157894736843,1.5263157894736843,1.5263157894736843
324,0.9666666666666667,0.9666666666666667,0.9666666666666667,0.6333333333333333,0.6333333333333333,0.6333333333333333,1.5263157894736843,1.5263157894736843,1.5263157894736843
325,0.9666666666666667,0.9666666666666667,0.9666666666666667,0.6333333333333333,0.6333333333333333,0.6333333333333333,1.5263157894736843,1.5263157894736843,1.5263157894736843
326,0.9666666666666667,0.9666666666666667,0.9666666666666667,0.6333333333333333,0.6333333333333333,0.6333333333333333,1.5263157894736843,1.5263157894736843,1.5263157894736843
327,0.9666666666666667,0.9666666666666667,0.9666666666666667,0.6333333333333333,0.6333333333333333,0.6333333333333333,1.5263157894736843,1.5263157894736843,1.5263157894736843
328,0.9666666666666667,0.9666666666666667,0.9666666666666667,0.6333333333333333,0.6333333333333333,0.6333333333333333,1.5263157894736843,1.5263157894736843,1.5263157894736843
329,0.9666666666666667,0.9666666666666667,0.9666666666666667,0.6333333333333333,0.6333333333333333,0.6333333333333333,1.5263157894736843,1.5263157894736843,1.5263157894736843
330,0.9666666666666667,0.9666666666666667,0.9666666666666667,0.6333333333333333,0.6333333333333333,0.6333333333333333,1.5263157894736843,1.5263157894736843,1.5263157894736843
331,0.9666666666666667,0.9666666666666667,0.9666666666666667,0.6333333333333333,0.6333333333333333,0.6333333333333333,1.5263157894736843,1.5263157894736843,1.5263157894736843
332,0.9666666666666667,0.9666666666666667,0.9666666666666667,0.6333333333333333,0.6333333333333333,0.6333333333333333,1.5263157894736843,1.5263157894736843,1.5263157894736843
333,0.9666666666666667,0.9666666666666667,0.9666666666666667,0.6333333333333333,0.6333333333333333,0.6333333333333333,1.5263157894736843,1.5263157894736843,1.5263157894736843
334,0.9666666666666667,0.9666666666666667,0.9666666666666667,0.6333333333333333,0.6333333333333333,0.6333333333333333,1.5263157894736843,1.5263157894736843,1.5263157894736843
335,0.9666666666666667,0.9666666666666667,0.9666666666666667,0.6333333333333333,0.6333333333333333,0.6333333333333333,1.5263157894736843,1.5263157894736843,1.5263157894736843
336,0.9666666666666667,0.9666666666666667,0.9666666666666667,0.6333333333333333,0.6333333333333333,0.6333333333333333,1.5263157894736843,1.5263157894736843,1.5263157894736843
337,0.9666666666666667,0.9666666666666667,0.9666666666666667,0.6333333333333333,0.6333333333333333,0.6333333333333333,1.5263157894736843,1.5263157894736843,1.5263157894736843
338,0.9666666666666667,0.9666666666666667,0.9666666666666667,0.6333333333333333,0.6333333333333333,0.6333333333333333,1.5263157894736843,1.5263157894736843,1.5263157894736843
339,0.9666666666666667,0.9666666666666667,0.9666666666666667,0.6333333333333333,0.6333333333333333,0.6333333333333333,1.5263157894736843,1.5263157894736843,1.5263157894736843
340,0.9666666666666667,0.9666666666666667,0.9666666666666667,0.6333333333333333,0.6333333333333333,0.6333333333333333,1.5263157894736843,1.5263157894736843,1.5263157894736843
341,0.9666666666666667,0.9666666666666667,0.9666666666666667,0.6333333333333333,0.6333333333333333,0.6333333333333333,1.5263157894736843,1.5263157894736843,1.5263157894736843
342,0.9666666666666667,0.9666666666666667,0.9666666666666667,0.6333333333333333,0.6333333333333333,0.6333333333333333,1.5263157894736843,1.5263157894736843,1.5263157894736843
343,0.9666666666666667,0.9666666666666667,0.9666666666666667,0.6333333333333333,0.6333333333333333,0.6333333333333333,1.5263157894736843,1.5263157894736843,1.5263157894736843
344,0.9666666666666667,0.9666666666666667,0.9666666666666667,0.6666666666666666,0.6666666666666666,0.6666666666666666,1.4500000000000002,1.4500000000000002,1.4500000000000002
345,0.9666666666666667,0.9666666666666667,0.9666666666666667,0.6666666666666666,0.6666666666666666,0.6666666666666666,1.4500000000000002,1.4500000000000002,1.4500000000000002
346,1.0,1.0,1.0,0.6666666666666666,0.6666666666666666,0.6666666666666666,1.5,1.5,1.5
347,1.0,1.0,1.0,0.6666666666666666,0.6666666666666666,0.6666666666666666,1.5,1.5,1.5
348,1.0,1.0,1.0,0.6666666666666666,0.6666666666666666,0.6666666666666666,1.5,1.5,1.5
349,1.0,1.0,1.0,0.6666666666666666,0.6666666666666666,0.6666666666666666,1.5,1.5,1.5
350,1.0,1.0,1.0,0.6666666666666666,0.6666666666666666,0.6666666666666666,1.5,1.5,1.5
351,1.0,1.0,1.0,0.6666666666666666,0.6666666666666666,0.6666666666666666,1.5,1.5,1.5
352,1.0,1.0,1.0,0.6666666666666666,0.6666666666666666,0.6666666666666666,1.5,1.5,1.5
353,1.0,1.0,1.0,0.6666666666666666,0.6666666666666666,0.6666666666666666,1.5,1.5,1.5
354,1.0,1.0,1.0,0.6666666666666666,0.6666666666666666,0.6666666666666666,1.5,1.5,1.5
355,1.0,1.0,1.0,0.6666666666666666,0.6666666666666666,0.6666666666666666,1.5,1.5,1.5
356,1.0,1.0,1.0,0.6666666666666666,0.6666666666666666,0.6666666666666666,1.5,1.5,1.5
357,1.0,1.0,1.0,0.6666666666666666,0.6666666666666666,0.6666666666666666,1.5,1.5,1.5
358,1.0,1.0,1.0,0.6666666666666666,0.6666666666666666,0.6666666666666666,1.5,1.5,1.5
359,1.0,1.0,1.0,0.6666666666666666,0.6666666666666666,0.6666666666666666,1.5,1.5,1.5
360,1.0,1.0,1.0,0.6666666666666666,0.6666666666666666,0.6666666666666666,1.5,1.5,1.5
361,1.0,1.0,1.0,0.6666666666666666,0.6666666666666666,0.6666666666666666,1.5,1.5,1.5
362,1.0,1.0,1.0,0.6666666666666666,0.6666666666666666,0.6666666666666666,1.5,1.5,1.5
363,1.0,1.0,1.0,0.6666666666666666,0.6666666666666666,0.6666666666666666,1.5,1.5,1.5
364,1.0,1.0,1.0,0.6666666666666666,0.6666666666666666,0.6666666666666666,1.5,1.5,1.5
365,1.0,1.0,1.0,0.6666666666666666,0.6666666666666666,0.6666666666666666,1.5,1.5,1.5
366,1.0,1.0,1.0,0.6666666666666666,0.6666666666666666,0.6666666666666666,1.5,1.5,1.5
367,1.0,1.0,1.0,0.6666666666666666,0.6666666666666666,0.6666666666666666,1.5,1.5,1.5
368,1.0,1.0,1.0,0.6666666666666666,0.6666666666666666,0.6666666666666666,1.5,1.5,1.5
369,1.0,1.0,1.0,0.6666666666666666,0.6666666666666666,0.6666666666666666,1.5,1.5,1.5
370,1.0,1.0,1.0,0.6666666666666666,0.6666666666666666,0.6666666666666666,1.5,1.5,1.5
371,1.0,1.0,1.0,0.6666666666666666,0.6666666666666666,0.6666666666666666,1.5,1.5,1.5
372,1.0,1.0,1.0,0.6666666666666666,0.6666666666666666,0.6666666666666666,1.5,1.5,1.5
373,1.0,1.0,1.0,0.6666666666666666,0.6666666666666666,0.6666666666666666,1.5,1.5,1.5
374,1.0,1.0,1.0,0.6666666666666666,0.6666666666666666,0.6666666666666666,1.5,1.5,1.5
375,1.0,1.0,1.0,0.6666666666666666,0.6666666666666666,0.6666666666666666,1.5,1.5,1.5
376,1.0,1.0,1.0,0.6666666666666666,0.6666666666666666,0.6666666666666666,1.5,1.5,1.5
377,1.0,1.0,1.0,0.6666666666666666,0.6666666666666666,0.6666666666666666,1.5,1.5,1.5
378,1.0,1.0,1.0,0.6666666666666666,0.6666666666666666,0.6666666666666666,1.5,1.5,1.5
379,1.0,1.0,1.0,0.6666666666666666,0.6666666666666666,0.6666666666666666,1.5,1.5,1.5
380,1.0,1.0,1.0,0.6666666666666666,0.6666666666666666,0.6666666666666666,1.5,1.5,1.5
381,1.0,1.0,1.0,0.6666666666666666,0.6666666666666666,0.6666666666666666,1.5,1.5,1.5
382,1.0,1.0,1.0,0.6666666666666666,0.6666666666666666,0.6666666666666666,1.5,1.5,1.5
383,1.0,1.0,1.0,0.6666666666666666,0.6666666666666666,0.6666666666666666,1.5,1.5,1.5
384,1.0,1.0,1.0,0.6666666666666666,0.6666666666666666,0.6666666666666666,1.5,1.5,1.5
385,1.0,1.0,1.0,0.6666666666666666,0.6666666666666666,0.6666666666666666,1.5,1.5,1.5
386,1.0,1.0,1.0,0.6666666666666666,0.6666666666666666,0.6666666666666666,1.5,1.5,1.5
387,1.0,1.0,1.0,0.6666666666666666,0.6666666666666666,0.6666666666666666,1.5,1.5,1.5
388,1.0,1.0,1.0,0.6666666666666666,0.6666666666666666,0.6666666666666666,1.5,1.5,1.5
389,1.0,1.0,1.0,0.6666666666666666,0.6666666666666666,0.6666666666666666,1.5,1.5,1.5
390,1.0,1.0,1.0,0.6666666666666666,0.6666666666666666,0.6666666666666666,1.5,1.5,1.5
391,1.0,1.0,1.0,0.6666666666666666,0.6666666666666666,0.6666666666666666,1.5,1.5,1.5
392,1.0,1.0,1.0,0.6666666666666666,0.6666666666666666,0.6666666666666666,1.5,1.5,1.5
393,1.0,1.0,1.0,0.6666666666666666,0.6666666666666666,0.6666666666666666,1.5,1.5,1.5
394,1.0,1.0,1.0,0.6666666666666666,0.6666666666666666,0.6666666666666666,1.5,1.5,1.5
395,1.0,1.0,1.0,0.6666666666666666,0.6666666666666666,0.6666666666666666,1.5,1.5,1.5
396,1.0,1.0,1.0,0.6666666666666666,0.6666666666666666,0.6666666666666666,1.5,1.5,1.5
397,1.0,1.0,1.0,0.6666666666666666,0.6666666666666666,0.6666666666666666,1.5,1.5,1.5
398,1.0,1.0,1.0,0.6666666666666666,0.6666666666666666,0.6666666666666666,1.5,1.5,1.5
399,1.0,1.0,1.0,0.6666666666666666,0.6666666666666666,0.6666666666666666,1.5,1.5,1.5
400,1.0,1.0,1.0,0.6666666666666666,0.6666666666666666,0.6666666666666666,1.5,1.5,1.5
401,1.0,1.0,1.0,0.6666666666666666,0.6666666666666666,0.6666666666666666,1.5,1.5,1.5
402,1.0,1.0,1.0,0.6666666666666666,0.6666666666666666,0.6666666666666666,1.5,1.5,1.5
403,1.0,1.0,1.0,0.6666666666666666,0.6666666666666666,0.6666666666666666,1.5,1.5,1.5
404,1.0,1.0,1.0,0.6666666666666666,0.6666666666666666,0.6666666666666666,1.5,1.5,1.5
405,1.0,1.0,1.0,0.6666666666666666,0.6666666666666666,0.6666666666666666,1.5,1.5,1.5
406,1.0,1.0,1.0,0.6666666666666666,0.6666666666666666,0.6666666666666666,1.5,1.5,1.5
407,1.0,1.0,1.0,0.6666666666666666,0.6666666666666666,0.6666666666666666,1.5,1.5,1.5
408,1.0,1.0,1.0,0.6666666666666666,0.6666666666666666,0.6666666666666666,1.5,1.5,1.5
409,1.0,1.0,1.0,0.6666666666666666,0.6666666666666666,0.6666666666666666,1.5,1.5,1.5
410,1.0,1.0,1.0,0.6666666666666666,0.6666666666666666,0.6666666666666666,1.5,1.5,1.5
411,1.0,1.0,1.0,0.6666666666666666,0.6666666666666666,0.6666666666666666,1.5,1.5,1.5
412,1.0,1.0,1.0,0.6666666666666666,0.6666666666666666,0.6666666666666666,1.5,1.5,1.5
413,1.0,1.0,1.0,0.6666666666666666,0.6666666666666666,0.6666666666666666,1.5,1.5,1.5
414,1.0,1.0,1.0,0.6666666666666666,0.6666666666666666,0.6666666666666666,1.5,1.5,1.5
415,1.0,1.0,1.0,0.6666666666666666,0.6666666666666666,0.6666666666666666,1.5,1.5,1.5
416,1.0,1.0,1.0,0.6666666666666666,0.6666666666666666,0.6666666666666666,1.5,1.5,1.5
417,1.0,1.0,1.0,0.6666666666666666,0.6666666666666666,0.6666666666666666,1.5,1.5,1.5
418,1.0,1.0,1.0,0.6666666666666666,0.6666666666666666,0.6666666666666666,1.5,1.5,1.5
419,1.0,1.0,1.0,0.6666666666666666,0.6666666666666666,0.6666666666666666,1.5,1.5,1.5
420,1.0,1.0,1.0,0.6666666666666666,0.6666666666666666,0.6666666666666666,1.5,1.5,1.5
421,1.0,1.0,1.0,0.6666666666666666,0.6666666666666666,0.6666666666666666,1.5,1.5,1.5
422,1.0,1.0,1.0,0.7,0.7,0.7,1.4285714285714286,1.4285714285714286,1.4285714285714286
423,1.0,1.0,1.0,0.7,0.7,0.7,1.4285714285714286,1.4285714285714286,1.4285714285714286
424,1.0,1.0,1.0,0.7,0.7,0.7,1.4285714285714286,1.4285714285714286,1.4285714285714286
425,1.0,1.0,1.0,0.7,0.7,0.7,1.4285714285714286,1.4285714285714286,1.4285714285714286
426,1.0,1.0,1.0,0.7,0.7,0.7,1.4285714285714286,1.4285714285714286,1.4285714285714286
427,1.0,1.0,1.0,0.7,0.7,0.7,1.4285714285714286,1.4285714285714286,1.4285714285714286
428,1.0,1.0,1.0,0.7,0.7,0.7,1.4285714285714286,1.4285714285714286,1.4285714285714286
429,1.0,1.0,1.0,0.7,0.7,0.7,1.4285714285714286,1.4285714285714286,1.4285714285714286
430,1.0,1.0,1.0,0.7,0.7,0.7,1.4285714285714286,1.4285714285714286,1.4285714285714286
431,1.0,1.0,1.0,0.7,0.7,0.7,1.4285714285714286,1.4285714285714286,1.4285714285714286
432,1.0,1.0,1.0,0.7,0.7,0.7,1.4285714285714286,1.4285714285714286,1.4285714285714286
433,1.0,1.0,1.0,0.7,0.7,0.7,1.4285714285714286,1.4285714285714286,1.4285714285714286
434,1.0,1.0,1.0,0.7,0.7,0.7,1.4285714285714286,1.4285714285714286,1.4285714285714286
435,1.0,1.0,1.0,0.7,0.7,0.7,1.4285714285714286,1.4285714285714286,1.4285714285714286
436,1.0,1.0,1.0,0.7,0.7,0.7,1.4285714285714286,1.4285714285714286,1.4285714285714286
437,1.0,1.0,1.0,0.7,0.7,0.7,1.4285714285714286,1.4285714285714286,1.4285714285714286
438,1.0,1.0,1.0,0.7,0.7,0.7,1.4285714285714286,1.4285714285714286,1.4285714285714286
439,1.0,1.0,1.0,0.7,0.7,0.7,1.4285714285714286,1.4285714285714286,1.4285714285714286
440,1.0,1.0,1.0,0.7,0.7,0.7,1.4285714285714286,1.4285714285714286,1.4285714285714286
441,1.0,1.0,1.0,0.7,0.7,0.7,1.4285714285714286,1.4285714285714286,1.4285714285714286
442,1.0,1.0,1.0,0.7,0.7,0.7,1.4285714285714286,1.4285714285714286,1.4285714285714286
443,1.0,1.0,1.0,0.7,0.7,0.7,1.4285714285714286,1.4285714285714286,1.4285714285714286
444,1.0,1.0,1.0,0.7,0.7,0.7,1.4285714285714286,1.4285714285714286,1.4285714285714286
445,1.0,1.0,1.0,0.7,0.7,0.7,1.4285714285714286,1.4285714285714286,1.4285714285714286
446,1.0,1.0,1.0,0.7,0.7,0.7,1.4285714285714286,1.4285714285714286,1.4285714285714286
447,1.0,1.0,1.0,0.7,0.7,0.7,1.4285714285714286,1.4285714285714286,1.4285714285714286
448,1.0,1.0,1.0,0.7,0.7,0.7,1.4285714285714286,1.4285714285714286,1.4285714285714286
449,1.0,1.0,1.0,0.7,0.7,0.7,1.4285714285714286,1.4285714285714286,1.4285714285714286
450,1.0,1.0,1.0,0.7,0.7,0.7,1.4285714285714286,1.4285714285714286,1.4285714285714286
451,1.0,1.0,1.0,0.7,0.7,0.7,1.4285714285714286,1.4285714285714286,1.4285714285714286
452,1.0,1.0,1.0,0.7,0.7,0.7,1.4285714285714286,1.4285714285714286,1.4285714285714286
453,1.0,1.0,1.0,0.7,0.7,0.7,1.4285714285714286,1.4285714285714286,1.4285714285714286
454,1.0,1.0,1.0,0.7,0.7,0.7,1.4285714285714286,1.4285714285714286,1.4285714285714286
455,1.0,1.0,1.0,0.7,0.7,0.7,1.4285714285714286,1.4285714285714286,1.4285714285714286
456,1.0,1.0,1.0,0.7333333333333333,0.7333333333333333,0.7333333333333333,1.3636363636363638,1.3636363636363638,1.3636363636363638
457,1.0,1.0,1.0,0.7333333333333333,0.7333333333333333,0.7333333333333333,1.3636363636363638,1.3636363636363638,1.3636363636363638
458,1.0,1.0,1.0,0.7333333333333333,0.7333333333333333,0.7333333333333333,1.3636363636363638,1.3636363636363638,1.3636363636363638
459,1.0,1.0,1.0,0.7333333333333333,0.7333333333333333,0.7333333333333333,1.3636363636363638,1.3636363636363638,1.3636363636363638
460,1.0,1.0,1.0,0.7333333333333333,0.7333333333333333,0.7333333333333333,1.3636363636363638,1.3636363636363638,1.3636363636363638
461,1.0,1.0,1.0,0.7333333333333333,0.7333333333333333,0.7333333333333333,1.3636363636363638,1.3636363636363638,1.3636363636363638
462,1.0,1.0,1.0,0.7333333333333333,0.7333333333333333,0.7333333333333333,1.3636363636363638,1.3636363636363638,1.3636363636363638
463,1.0,1.0,1.0,0.7333333333333333,0.7333333333333333,0.7333333333333333,1.3636363636363638,1.3636363636363638,1.3636363636363638
464,1.0,1.0,1.0,0.7333333333333333,0.7333333333333333,0.7333333333333333,1.3636363636363638,1.3636363636363638,1.3636363636363638
465,1.0,1.0,1.0,0.7333333333333333,0.7333333333333333,0.7333333333333333,1.3636363636363638,1.3636363636363638,1.3636363636363638
466,1.0,1.0,1.0,0.7666666666666667,0.7666666666666667,0.7666666666666667,1.3043478260869565,1.3043478260869565,1.3043478260869565
467,1.0,1.0,1.0,0.7666666666666667,0.7666666666666667,0.7666666666666667,1.3043478260869565,1.3043478260869565,1.3043478260869565
468,1.0,1.0,1.0,0.8,0.8,0.8,1.25,1.25,1.25
469,1.0,1.0,1.0,0.8,0.8,0.8,1.25,1.25,1.25
470,1.0,1.0,1.0,0.8,0.8,0.8,1.25,1.25,1.25
471,1.0,1.0,1.0,0.8333333333333334,0.8333333333333334,0.8333333333333334,1.2,1.2,1.2
472,1.0,1.0,1.0,0.8333333333333334,0.8333333333333334,0.8333333333333334,1.2,1.2,1.2
473,1.0,1.0,1.0,0.8333333333333334,0.8333333333333334,0.8333333333333334,1.2,1.2,1.2
474,1.0,1.0,1.0,0.8333333333333334,0.8333333333333334,0.8333333333333334,1.2,1.2,1.2
475,1.0,1.0,1.0,0.8333333333333334,0.8333333333333334,0.8333333333333334,1.2,1.2,1.2
476,1.0,1.0,1.0,0.8333333333333334,0.8333333333333334,0.8333333333333334,1.2,1.2,1.2
477,1.0,1.0,1.0,0.8333333333333334,0.8333333333333334,0.8333333333333334,1.2,1.2,1.2
478,1.0,1.0,1.0,0.8333333333333334,0.8333333333333334,0.8333333333333334,1.2,1.2,1.2
479,1.0,1.0,1.0,0.8333333333333334,0.8333333333333334,0.8333333333333334,1.2,1.2,1.2
480,1.0,1.0,1.0,0.8333333333333334,0.8333333333333334,0.8333333333333334,1.2,1.2,1.2
481,1.0,1.0,1.0,0.8333333333333334,0.8333333333333334,0.8333333333333334,1.2,1.2,1.2
482,1.0,1.0,1.0,0.8333333333333334,0.8333333333333334,0.8333333333333334,1.2,1.2,1.2
483,1.0,1.0,1.0,0.8333333333333334,0.8333333333333334,0.8333333333333334,1.2,1.2,1.2
484,1.0,1.0,1.0,0.8333333333333334,0.8333333333333334,0.8333333333333334,1.2,1.2,1.2
485,1.0,1.0,1.0,0.8333333333333334,0.8333333333333334,0.8333333333333334,1.2,1.2,1.2
486,1.0,1.0,1.0,0.8333333333333334,0.8333333333333334,0.8333333333333334,1.2,1.2,1.2
487,1.0,1.0,1.0,0.8333333333333334,0.8333333333333334,0.8333333333333334,1.2,1.2,1.2
488,1.0,1.0,1.0,0.8333333333333334,0.8333333333333334,0.8333333333333334,1.2,1.2,1.2
489,1.0,1.0,1.0,0.8333333333333334,0.8333333333333334,0.8333333333333334,1.2,1.2,1.2
490,1.0,1.0,1.0,0.8666666666666667,0.8666666666666667,0.8666666666666667,1.1538461538461537,1.1538461538461537,1.1538461538461537
491,1.0,1.0,1.0,0.8666666666666667,0.8666666666666667,0.8666666666666667,1.1538461538461537,1.1538461538461537,1.1538461538461537
492,1.0,1.0,1.0,0.8666666666666667,0.8666666666666667,0.8666666666666667,1.1538461538461537,1.1538461538461537,1.1538461538461537
493,1.0,1.0,1.0,0.8666666666666667,0.8666666666666667,0.8666666666666667,1.1538461538461537,1.1538461538461537,1.1538461538461537
494,1.0,1.0,1.0,0.8666666666666667,0.8666666666666667,0.8666666666666667,1.1538461538461537,1.1538461538461537,1.1538461538461537
495,1.0,1.0,1.0,0.9,0.9,0.9,1.1111111111111112,1.1111111111111112,1.1111111111111112
496,1.0,1.0,1.0,0.9,0.9,0.9,1.1111111111111112,1.1111111111111112,1.1111111111111112
497,1.0,1.0,1.0,0.9,0.9,0.9,1.1111111111111112,1.1111111111111112,1.1111111111111112
498,1.0,1.0,1.0,0.9,0.9,0.9,1.1111111111111112,1.1111111111111112,1.1111111111111112
499,1.0,1.0,1.0,0.9,0.9,0.9,1.1111111111111112,1.1111111111111112,1.1111111111111112
500,1.0,1.0,1.0,0.9,0.9,0.9,1.1111111111111112,1.1111111111111112,1.1111111111111112
501,1.0,1.0,1.0,0.9,0.9,0.9,1.1111111111111112,1.1111111111111112,1.1111111111111112
502,1.0,1.0,1.0,0.9,0.9,0.9,1.1111111111111112,1.1111111111111112,1.1111111111111112
503,1.0,1.0,1.0,0.9,0.9,0.9,1.1111111111111112,1.1111111111111112,1.1111111111111112
504,1.0,1.0,1.0,0.9,0.9,0.9,1.1111111111111112,1.1111111111111112,1.1111111111111112
505,1.0,1.0,1.0,0.9,0.9,0.9,1.1111111111111112,1.1111111111111112,1.1111111111111112
506,1.0,1.0,1.0,0.9,0.9,0.9,1.1111111111111112,1.1111111111111112,1.1111111111111112
507,1.0,1.0,1.0,0.9,0.9,0.9,1.1111111111111112,1.1111111111111112,1.1111111111111112
508,1.0,1.0,1.0,0.9,0.9,0.9,1.1111111111111112,1.1111111111111112,1.1111111111111112
509,1.0,1.0,1.0,0.9,0.9,0.9,1.1111111111111112,1.1111111111111112,1.1111111111111112
510,1.0,1.0,1.0,0.9,0.9,0.9,1.1111111111111112,1.1111111111111112,1.1111111111111112
511,1.0,1.0,1.0,0.9,0.9,0.9,1.1111111111111112,1.1111111111111112,1.1111111111111112
512,1.0,1.0,1.0,0.9,0.9,0.9,1.1111111111111112,1.1111111111111112,1.1111111111111112
513,1.0,1.0,1.0,0.9333333333333333,0.9333333333333333,0.9333333333333333,1.0714285714285714,1.0714285714285714,1.0714285714285714
514,1.0,1.0,1.0,0.9333333333333333,0.9333333333333333,0.9333333333333333,1.0714285714285714,1.0714285714285714,1.0714285714285714
515,1.0,1.0,1.0,0.9333333333333333,0.9333333333333333,0.9333333333333333,1.0714285714285714,1.0714285714285714,1.0714285714285714
516,1.0,1.0,1.0,0.9333333333333333,0.9333333333333333,0.9333333333333333,1.0714285714285714,1.0714285714285714,1.0714285714285714
517,1.0,1.0,1.0,0.9333333333333333,0.9333333333333333,0.9333333333333333,1.0714285714285714,1.0714285714285714,1.0714285714285714
518,1.0,1.0,1.0,0.9333333333333333,0.9333333333333333,0.9333333333333333,1.0714285714285714,1.0714285714285714,1.0714285714285714
519,1.0,1.0,1.0,0.9333333333333333,0.9333333333333333,0.9333333333333333,1.0714285714285714,1.0714285714285714,1.0714285714285714
520,1.0,1.0,1.0,0.9333333333333333,0.9333333333333333,0.9333333333333333,1.0714285714285714,1.0714285714285714,1.0714285714285714
521,1.0,1.0,1.0,0.9333333333333333,0.9333333333333333,0.9333333333333333,1.0714285714285714,1.0714285714285714,1.0714285714285714
522,1.0,1.0,1.0,0.9333333333333333,0.9333333333333333,0.9333333333333333,1.0714285714285714,1.0714285714285714,1.0714285714285714
523,1.0,1.0,1.0,0.9333333333333333,0.9333333333333333,0.9333333333333333,1.0714285714285714,1.0714285714285714,1.0714285714285714
524,1.0,1.0,1.0,0.9333333333333333,0.9333333333333333,0.9333333333333333,1.0714285714285714,1.0714285714285714,1.0714285714285714
525,1.0,1.0,1.0,0.9333333333333333,0.9333333333333333,0.9333333333333333,1.0714285714285714,1.0714285714285714,1.0714285714285714
526,1.0,1.0,1.0,0.9333333333333333,0.9333333333333333,0.9333333333333333,1.0714285714285714,1.0714285714285714,1.0714285714285714
527,1.0,1.0,1.0,0.9333333333333333,0.9333333333333333,0.9333333333333333,1.0714285714285714,1.0714285714285714,1.0714285714285714
528,1.0,1.0,1.0,0.9333333333333333,0.9333333333333333,0.9333333333333333,1.0714285714285714,1.0714285714285714,1.0714285714285714
529,1.0,1.0,1.0,0.9333333333333333,0.9333333333333333,0.9333333333333333,1.0714285714285714,1.0714285714285714,1.0714285714285714
530,1.0,1.0,1.0,0.9333333333333333,0.9333333333333333,0.9333333333333333,1.0714285714285714,1.0714285714285714,1.0714285714285714
531,1.0,1.0,1.0,0.9333333333333333,0.9333333333333333,0.9333333333333333,1.0714285714285714,1.0714285714285714,1.0714285714285714
532,1.0,1.0,1.0,0.9333333333333333,0.9333333333333333,0.9333333333333333,1.0714285714285714,1.0714285714285714,1.0714285714285714
533,1.0,1.0,1.0,0.9333333333333333,0.9333333333333333,0.9333333333333333,1.0714285714285714,1.0714285714285714,1.0714285714285714
534,1.0,1.0,1.0,0.9333333333333333,0.9333333333333333,0.9333333333333333,1.0714285714285714,1.0714285714285714,1.0714285714285714
535,1.0,1.0,1.0,0.9333333333333333,0.9333333333333333,0.9333333333333333,1.0714285714285714,1.0714285714285714,1.0714285714285714
536,1.0,1.0,1.0,0.9333333333333333,0.9333333333333333,0.9333333333333333,1.0714285714285714,1.0714285714285714,1.0714285714285714
537,1.0,1.0,1.0,0.9333333333333333,0.9333333333333333,0.9333333333333333,1.0714285714285714,1.0714285714285714,1.0714285714285714
538,1.0,1.0,1.0,0.9333333333333333,0.9333333333333333,0.9333333333333333,1.0714285714285714,1.0714285714285714,1.0714285714285714
539,1.0,1.0,1.0,0.9333333333333333,0.9333333333333333,0.9333333333333333,1.0714285714285714,1.0714285714285714,1.0714285714285714
540,1.0,1.0,1.0,0.9333333333333333,0.9333333333333333,0.9333333333333333,1.0714285714285714,1.0714285714285714,1.0714285714285714
541,1.0,1.0,1.0,0.9333333333333333,0.9333333333333333,0.9333333333333333,1.0714285714285714,1.0714285714285714,1.0714285714285714
542,1.0,1.0,1.0,0.9333333333333333,0.9333333333333333,0.9333333333333333,1.0714285714285714,1.0714285714285714,1.0714285714285714
543,1.0,1.0,1.0,0.9333333333333333,0.9333333333333333,0.9333333333333333,1.0714285714285714,1.0714285714285714,1.0714285714285714
544,1.0,1.0,1.0,0.9333333333333333,0.9333333333333333,0.9333333333333333,1.0714285714285714,1.0714285714285714,1.0714285714285714
545,1.0,1.0,1.0,0.9333333333333333,0.9333333333333333,0.9333333333333333,1.0714285714285714,1.0714285714285714,1.0714285714285714
546,1.0,1.0,1.0,0.9666666666666667,0.9666666666666667,0.9666666666666667,1.0344827586206897,1.0344827586206897,1.0344827586206897
547,1.0,1.0,1.0,0.9666666666666667,0.9666666666666667,0.9666666666666667,1.0344827586206897,1.0344827586206897,1.0344827586206897
548,1.0,1.0,1.0,0.9666666666666667,0.9666666666666667,0.9666666666666667,1.0344827586206897,1.0344827586206897,1.0344827586206897
549,1.0,1.0,1.0,0.9666666666666667,0.9666666666666667,0.9666666666666667,1.0344827586206897,1.0344827586206897,1.0344827586206897
550,1.0,1.0,1.0,0.9666666666666667,0.9666666666666667,0.9666666666666667,1.0344827586206897,1.0344827586206897,1.0344827586206897
551,1.0,1.0,1.0,0.9666666666666667,0.9666666666666667,0.9666666666666667,1.0344827586206897,1.0344827586206897,1.0344827586206897
552,1.0,1.0,1.0,0.9666666666666667,0.9666666666666667,0.9666666666666667,1.0344827586206897,1.0344827586206897,1.0344827586206897
553,1.0,1.0,1.0,0.9666666666666667,0.9666666666666667,0.9666666666666667,1.0344827586206897,1.0344827586206897,1.0344827586206897
554,1.0,1.0,1.0,0.9666666666666667,0.9666666666666667,0.9666666666666667,1.0344827586206897,1.0344827586206897,1.0344827586206897
555,1.0,1.0,1.0,0.9666666666666667,0.9666666666666667,0.9666666666666667,1.0344827586206897,1.0344827586206897,1.0344827586206897
556,1.0,1.0,1.0,0.9666666666666667,0.9666666666666667,0.9666666666666667,1.0344827586206897,1.0344827586206897,1.0344827586206897
557,1.0,1.0,1.0,0.9666666666666667,0.9666666666666667,0.9666666666666667,1.0344827586206897,1.0344827586206897,1.0344827586206897
558,1.0,1.0,1.0,0.9666666666666667,0.9666666666666667,0.9666666666666667,1.0344827586206897,1.0344827586206897,1.0344827586206897
559,1.0,1.0,1.0,0.9666666666666667,0.9666666666666667,0.9666666666666667,1.0344827586206897,1.0344827586206897,1.0344827586206897
560,1.0,1.0,1.0,0.9666666666666667,0.9666666666666667,0.9666666666666667,1.0344827586206897,1.0344827586206897,1.0344827586206897
561,1.0,1.0,1.0,0.9666666666666667,0.9666666666666667,0.9666666666666667,1.0344827586206897,1.0344827586206897,1.0344827586206897
562,1.0,1.0,1.0,0.9666666666666667,0.9666666666666667,0.9666666666666667,1.0344827586206897,1.0344827586206897,1.0344827586206897
563,1.0,1.0,1.0,0.9666666666666667,0.9666666666666667,0.9666666666666667,1.0344827586206897,1.0344827586206897,1.0344827586206897
564,1.0,1.0,1.0,0.9666666666666667,0.9666666666666667,0.9666666666666667,1.0344827586206897,1.0344827586206897,1.0344827586206897
565,1.0,1.0,1.0,0.9666666666666667,0.9666666666666667,0.9666666666666667,1.0344827586206897,1.0344827586206897,1.0344827586206897
566,1.0,1.0,1.0,0.9666666666666667,0.9666666666666667,0.9666666666666667,1.0344827586206897,1.0344827586206897,1.0344827586206897
567,1.0,1.0,1.0,0.9666666666666667,0.9666666666666667,0.9666666666666667,1.0344827586206897,1.0344827586206897,1.0344827586206897
568,1.0,1.0,1.0,0.9666666666666667,0.9666666666666667,0.9666666666666667,1.0344827586206897,1.0344827586206897,1.0344827586206897
569,1.0,1.0,1.0,0.9666666666666667,0.9666666666666667,0.9666666666666667,1.0344827586206897,1.0344827586206897,1.0344827586206897
570,1.0,1.0,1.0,0.9666666666666667,0.9666666666666667,0.9666666666666667,1.0344827586206897,1.0344827586206897,1.0344827586206897
571,1.0,1.0,1.0,0.9666666666666667,0.9666666666666667,0.9666666666666667,1.0344827586206897,1.0344827586206897,1.0344827586206897
572,1.0,1.0,1.0,0.9666666666666667,0.9666666666666667,0.9666666666666667,1.0344827586206897,1.0344827586206897,1.0344827586206897
573,1.0,1.0,1.0,0.9666666666666667,0.9666666666666667,0.9666666666666667,1.0344827586206897,1.0344827586206897,1.0344827586206897
574,1.0,1.0,1.0,1.0,1.0,1.0,1.0,1.0,1.0
575,1.0,1.0,1.0,1.0,1.0,1.0,1.0,1.0,1.0
576,1.0,1.0,1.0,1.0,1.0,1.0,1.0,1.0,1.0
577,1.0,1.0,1.0,1.0,1.0,1.0,1.0,1.0,1.0
578,1.0,1.0,1.0,1.0,1.0,1.0,1.0,1.0,1.0
579,1.0,1.0,1.0,1.0,1.0,1.0,1.0,1.0,1.0
580,1.0,1.0,1.0,1.0,1.0,1.0,1.0,1.0,1.0
581,1.0,1.0,1.0,1.0,1.0,1.0,1.0,1.0,1.0
582,1.0,1.0,1.0,1.0,1.0,1.0,1.0,1.0,1.0
583,1.0,1.0,1.0,1.0,1.0,1.0,1.0,1.0,1.0
584,1.0,1.0,1.0,1.0,1.0,1.0,1.0,1.0,1.0
585,1.0,1.0,1.0,1.0,1.0,1.0,1.0,1.0,1.0
586,1.0,1.0,1.0,1.0,1.0,1.0,1.0,1.0,1.0
587,1.0,1.0,1.0,1.0,1.0,1.0,1.0,1.0,1.0
588,1.0,1.0,1.0,1.0,1.0,1.0,1.0,1.0,1.0
589,1.0,1.0,1.0,1.0,1.0,1.0,1.0,1.0,1.0
590,1.0,1.0,1.0,1.0,1.0,1.0,1.0,1.0,1.0
591,1.0,1.0,1.0,1.0,1.0,1.0,1.0,1.0,1.0
592,1.0,1.0,1.0,1.0,1.0,1.0,1.0,1.0,1.0
593,1.0,1.0,1.0,1.0,1.0,1.0,1.0,1.0,1.0
594,1.0,1.0,1.0,1.0,1.0,1.0,1.0,1.0,1.0
595,1.0,1.0,1.0,1.0,1.0,1.0,1.0,1.0,1.0
596,1.0,1.0,1.0,1.0,1.0,1.0,1.0,1.0,1.0
597,1.0,1.0,1.0,1.0,1.0,1.0,1.0,1.0,1.0
598,1.0,1.0,1.0,1.0,1.0,1.0,1.0,1.0,1.0
599,1.0,1.0,1.0,1.0,1.0,1.0,1.0,1.0,1.0
600,1.0,1.0,1.0,1.0,1.0,1.0,1.0,1.0,1.0
